HGNC ,Kinase Classification,PG.ProteinGroups,[4] Hek293_XO44_invivo_1.raw.PG.Quantity,[5] Hek293_XO44_invivo_2.raw.PG.Quantity,[6] Hek293_XO44_invivo_3.raw.PG.Quantity,[10] HeLa_XO44_invivo_1.raw.PG.Quantity,[11] HeLa_XO44_invivo_2.raw.PG.Quantity,[12] HeLa_XO44_invivo_3.raw.PG.Quantity,average_hek293_X044_invivo,average_hela_X044_invivo
AAK1,Other,Q2M2I8,868.9453125,719.7691040039062,824.146240234375,715.6300048828125,716.3798217773438,868.85205078125,804.2868855794271,766.9539591471354
ABL1,TK,P00519,3502.91796875,2665.347900390625,3109.2802734375,2306.119140625,2124.788330078125,3245.169921875,3092.515380859375,2558.6924641927085
ABL2,TK,P42684,7730.421875,6885.49169921875,7011.8984375,4347.9072265625,4208.2705078125,5555.06494140625,7209.270670572917,4703.74755859375
ACVR1,TKL,Q04771,4278.8359375,3536.3876953125,4024.496337890625,1401.1009521484375,1048.9354248046875,2135.180419921875,3946.5733235677085,1528.4055989583333
ACVR1B,TKL,P36896,2425.75,2262.5751953125,3081.423095703125,498.5683288574219,582.7904663085938,814.8607177734375,2589.9160970052085,632.0731709798177
ACVR2B,TKL,Q13705,283.5736999511719,250.7133331298828,382.444580078125,200.25428771972656,60.697513580322266,107.54768371582033,305.57720438639325,122.83316167195638
ADCK1,Atypical,Q86TW2,1242.78369140625,876.0545043945312,1215.63916015625,1706.00244140625,1438.26611328125,2365.729248046875,1111.492451985677,1836.6659342447917
AKT1,AGC,P31749,7445.935546875,6301.73876953125,7342.74609375,4000.130615234375,3733.180419921875,5397.52783203125,7030.14013671875,4376.9462890625
AKT2,AGC,P31751,35893.85546875,29796.326171875,31568.939453125,13275.73046875,13185.5732421875,17628.626953125,32419.70703125,14696.6435546875
AKT3,AGC,Q9Y243,8627.232421875,6795.23974609375,7764.75830078125,370.7028503417969,259.5525817871094,436.99224853515625,7729.076822916667,355.7492268880208
ARAF,TKL,P10398,6291.46142578125,4871.59912109375,5829.12060546875,3376.900390625,3533.501708984375,4969.841796875,5664.060384114583,3960.081298828125
ATM,Atypical,Q13315,429.8463745117188,338.7282409667969,437.1247253417969,299.5506591796875,278.85321044921875,443.40618896484375,401.8997802734375,340.6033528645833
ATR,Atypical,Q13535,1068.0213623046875,765.3560180664062,963.0782470703124,1342.017578125,1379.1116943359375,1866.12109375,932.1518758138021,1529.0834554036458
AURKA,Other,O14965,18852.283203125,15057.1953125,15948.0810546875,25490.173828125,25492.58984375,33499.3515625,16619.1865234375,28160.705078125
AURKB,Other,Q96GD4,37415.171875,29849.494140625,31740.140625,29230.03515625,29125.982421875,38948.5,33001.602213541664,32434.839192708332
AXL,TK,P30530,4963.46923828125,25037.283203125,3857.890380859375,252967.1875,275882.03125,328217.21875,11286.214274088541,285688.8125
BCKDK,Atypical,O14874,3272.34521484375,2861.611083984375,3268.759765625,1309.653564453125,1746.3511962890625,1818.3038330078125,3134.2386881510415,1624.76953125
BCR,Atypical,P11274,627.2042236328125,542.6770629882812,598.800537109375,782.6065673828125,702.7307739257812,1100.0882568359375,589.5606079101562,861.8085327148438
BMP2K,Other,Q9NSY1,383.2742919921875,311.5296630859375,333.5927734375,524.9112548828125,430.0309448242188,563.9444580078125,342.7989095052083,506.29555257161456
BMPR1A,TKL,P36894,3216.852294921875,3188.870849609375,3524.984130859375,1408.932373046875,843.0377197265625,1651.737548828125,3310.2357584635415,1301.2358805338542
BMPR1B,TKL,O00238,3852.52392578125,2476.477783203125,3165.94384765625,970.3353881835938,811.0166015625,1399.9764404296875,3164.9818522135415,1060.4428100585938
BMPR2,TKL,Q13873,2869.082275390625,2557.385986328125,2327.63818359375,4521.544921875,3962.699462890625,5692.53564453125,2584.7021484375,4725.593343098958
BRAF,TKL,P15056,6089.609375,6231.3837890625,7425.0947265625,3259.339111328125,3099.75048828125,3895.95361328125,6582.029296875,3418.3477376302085
BRD2,Atypical,P25440,2750.31494140625,2178.0830078125,2652.9365234375,1533.5009765625,1315.777099609375,1998.3392333984373,2527.1114908854165,1615.8724365234375
BRD3,Atypical,Q15059,736.5441284179688,680.0730590820312,718.0237426757812,610.1323852539062,519.6036376953125,818.1637573242188,711.5469767252604,649.2999267578125
BRD4,Atypical,O60885,2928.5556640625,2503.807373046875,2889.4375,3677.882568359375,3479.718994140625,4709.6337890625,2773.9335123697915,3955.7451171875
BRSK1,CAMK,Q8TDC3,986.4208984375,707.0943603515625,1525.7972412109375,342.1528015136719,451.9235534667969,596.4544677734375,1073.1041666666667,463.51027425130206
BRSK2,CAMK,Q8IWQ3,7107.2216796875,5770.1416015625,7015.3544921875,2608.0263671875,2504.17724609375,3873.5185546875,6630.905924479167,2995.24072265625
BTK,TK,Q06187,1236.1812744140625,642.7106323242188,976.75927734375,134.0204315185547,183.60508728027344,200.95794677734372,951.8837280273438,172.86115519205728
BUB1,Other,O43683,604.8059692382812,438.56396484375,474.2008666992188,1075.2242431640625,976.3419799804688,1151.8021240234375,505.85693359375,1067.7894490559895
BUB1B,Other,O60566,2076.080078125,1678.91748046875,1814.5467529296875,2183.76953125,2172.95263671875,2998.6630859375,1856.5147705078125,2451.7950846354165
CAMK1,CAMK,Q14012,28345.94921875,24008.734375,26369.1484375,1805.7176513671875,1812.935546875,2835.351806640625,26241.27734375,2151.335001627604
CAMK1D,CAMK,Q8IU85,4538.337890625,3715.550048828125,4333.1884765625,850.3229370117188,824.1729736328125,1199.5218505859375,4195.692138671875,958.0059204101562
CAMK2B,CAMK,Q13554,3235.673583984375,2052.20947265625,2025.8687744140625,453.4546203613281,820.2345581054688,497.09381103515625,2437.917277018229,590.260996500651
CAMK2D,CAMK,Q13557,9862.798828125,7763.09033203125,9498.255859375,2072.01806640625,1964.1031494140625,2745.581298828125,9041.381673177084,2260.5675048828125
CAMK2G,CAMK,Q13555,3531.32470703125,2823.52197265625,3118.32568359375,1177.826416015625,910.97314453125,1459.127197265625,3157.72412109375,1182.6422526041667
CAMK4,CAMK,Q16566,5397.236328125,5157.48828125,4891.56884765625,1580.2587890625,804.0791625976562,1264.487060546875,5148.764485677083,1216.2750040690105
CAMKK1,Other,Q8N5S9,10768.7724609375,9122.8916015625,9906.7841796875,5844.6494140625,5828.24072265625,7893.421875,9932.816080729166,6522.10400390625
CAMKK2,Other,Q96RR4,13247.8974609375,10868.8125,10887.1630859375,2863.657958984375,2866.911376953125,3957.846435546875,11667.957682291666,3229.471923828125
CASK,CAMK,O14936,10390.27734375,8607.23828125,10187.3857421875,2086.87939453125,1849.185546875,3006.981689453125,9728.300455729166,2314.348876953125
CDC42BPA,AGC,Q5VT25,684.8890991210938,581.0587158203125,609.92236328125,333.5276794433594,348.23065185546875,507.5616760253906,625.2900594075521,396.44000244140625
CDC42BPB,AGC,Q9Y5S2,2539.672119140625,2095.107666015625,2411.48291015625,3151.3994140625,3035.7431640625,4292.640625,2348.7542317708335,3493.2610677083335
CDC42BPG,AGC,Q6DT37,281.71063232421875,201.36512756347656,283.3900146484375,360.3179016113281,78.26577758789062,59.21163940429688,255.48859151204428,165.93177286783853
CDC7,Other,O00311,640.5664672851562,466.3216857910156,606.01171875,406.5489196777344,325.9695739746094,636.0641479492188,570.9666239420573,456.1942138671875
CDK1,CMGC,P06493,129143.828125,107133.8671875,112778.8359375,76096.6015625,79409.0234375,106012.0,116352.17708333333,87172.54166666667
CDK11A,CMGC,Q9UQ88,3827.778564453125,2823.014892578125,3363.560302734375,4117.75390625,3436.853271484375,5924.1826171875,3338.117919921875,4492.929931640625
CDK11B,CMGC,P21127,43957.671875,35762.17578125,40597.31640625,27666.677734375,27354.640625,37735.7734375,40105.721354166664,30919.030598958332
CDK12,CMGC,Q9NYV4,12433.4833984375,11540.7041015625,12359.255859375,5421.21142578125,4909.546875,6429.54443359375,12111.147786458334,5586.767578125
CDK13,CMGC,Q14004,11165.265625,9676.8447265625,10570.0087890625,8376.9150390625,8565.08984375,11607.142578125,10470.706380208334,9516.382486979166
CDK14,CMGC,O94921,11306.55078125,11003.2666015625,11297.357421875,737.6466064453125,574.045166015625,732.2958374023438,11202.3916015625,681.3292032877604
CDK15,CMGC,Q96Q40,46982.5546875,50583.59765625,54525.92578125,155.29454040527344,,272.3426208496094,50697.359375,213.8185806274414
CDK16,CMGC,Q00536,8858.9111328125,7153.40771484375,7985.220703125,1833.0679931640625,1824.548828125,2425.784912109375,7999.179850260417,2027.8005777994792
CDK17,CMGC,Q00537,5881.67626953125,4697.86083984375,5363.90576171875,1401.224609375,1452.7242431640625,2379.621826171875,5314.48095703125,1744.5235595703125
CDK18,CMGC,Q07002,2461.853759765625,2178.901123046875,2784.45556640625,572.3800659179688,370.1160278320313,580.3953247070312,2475.0701497395835,507.63047281901044
CDK19,CMGC,Q9BWU1,550.19482421875,460.9039306640625,529.28759765625,484.6509704589844,407.969482421875,626.6624145507812,513.4621175130209,506.42762247721356
CDK2,CMGC,P24941,76983.75,64564.66796875,68648.6328125,58107.9921875,62651.74609375,83053.953125,70065.68359375,67937.89713541667
CDK20,CMGC,Q8IZL9,4124.81298828125,2727.165771484375,3075.22802734375,614.2489624023438,562.5726318359375,783.4003295898438,3309.0689290364585,653.4073079427084
CDK4,CMGC,P11802,64820.328125,47696.94921875,50745.703125,23675.697265625,25239.494140625,31216.396484375,54420.993489583336,26710.529296875
CDK5,CMGC,Q00535,32983.3828125,25718.142578125,29425.08203125,18492.892578125,20078.59765625,27118.216796875,29375.535807291668,21896.569010416668
CDK6,CMGC,Q00534,3274.69677734375,2569.62353515625,2841.755615234375,9494.1708984375,10287.1123046875,12201.9541015625,2895.358642578125,10661.0791015625
CDK7,CMGC,P50613,6949.34912109375,5721.3974609375,6298.2841796875,2823.851318359375,2705.7412109375,3771.157470703125,6323.01025390625,3100.25
CDK8,CMGC,P49336,1136.2694091796875,862.863037109375,1040.952880859375,731.2322998046875,696.2222290039062,1082.489013671875,1013.3617757161459,836.6478474934896
CDK9,CMGC,P50750,11196.1279296875,9366.66796875,11212.0712890625,4656.65869140625,4653.10205078125,6867.53564453125,10591.622395833334,5392.43212890625
CDKL1,CMGC,Q00532,85.07727813720703,88.11014556884766,127.2313003540039,80.61741638183594,58.74604034423828,97.67626190185548,100.1395746866862,79.01323954264323
CDKL2,CMGC,Q92772,2411.452880859375,1749.0721435546875,2057.91015625,325.5289001464844,316.32574462890625,332.0633544921875,2072.811726888021,324.6393330891927
CDKL5,CMGC,O76039,1139.3743896484375,970.05126953125,1107.944580078125,1254.6807861328125,1568.688720703125,1921.3466796875,1072.4567464192708,1581.5720621744792
CHEK1,CAMK,O14757,1138.683837890625,858.4332275390625,972.8403930664062,1375.8330078125,1249.243896484375,1753.1104736328125,989.9858194986979,1459.3957926432292
CHEK2,CAMK,O96017,37035.82421875,30122.236328125,32920.9296875,5980.3173828125,5723.1416015625,7836.80517578125,33359.663411458336,6513.42138671875
CHUK,Other,O15111,1983.8814697265625,1687.5543212890625,1785.5892333984375,1269.84716796875,1244.6361083984375,1724.0771484375,1819.0083414713542,1412.8534749348958
CIT,AGC,O14578,705.1615600585938,671.7954711914062,702.5368041992188,936.6853637695312,888.4232177734375,1180.657958984375,693.1646118164062,1001.9221801757812
CLK1,CMGC,P49759,3409.07080078125,2973.682373046875,3211.461669921875,3441.56103515625,3147.753173828125,4417.31787109375,3198.0716145833335,3668.8773600260415
CLK2,CMGC,P49760,9907.2783203125,8164.8876953125,8235.5361328125,2576.695556640625,2541.5615234375,3653.0654296875,8769.234049479166,2923.774169921875
CLK3,CMGC,P49761,13745.1376953125,11442.634765625,12846.2548828125,4074.7744140625,3673.56689453125,5644.09912109375,12678.009114583334,4464.146809895833
CLK4,CMGC,Q9HAZ1,6458.5087890625,5546.73046875,6203.83544921875,1969.34130859375,1692.77197265625,2255.85693359375,6069.691569010417,1972.65673828125
COQ8B,Atypical,Q96D53,2632.029541015625,2177.413818359375,2689.85009765625,1328.7679443359375,1328.4671630859375,1824.73583984375,2499.7644856770835,1493.9903157552083
CSK,TK,P41240,122847.359375,101820.59375,108504.0078125,22740.001953125,24789.20703125,32152.1640625,111057.3203125,26560.457682291668
CSNK1A1,CK1,P48729,7034.59765625,5977.75732421875,6666.83740234375,5112.49853515625,4983.9384765625,6760.8408203125,6559.730794270833,5619.092610677083
CSNK1D,CK1,P48730,4599.912109375,3991.90625,3626.741455078125,3199.11962890625,2417.629150390625,3702.50927734375,4072.853271484375,3106.4193522135415
CSNK1E,CK1,P49674,4943.18359375,3702.190185546875,4615.29736328125,2111.470703125,1942.7769775390625,2820.697021484375,4420.223714192708,2291.648234049479
CSNK1G1,CK1,Q9HCP0,975.4296875,809.1275634765625,858.8743896484375,343.6563720703125,281.1039428710937,557.1114501953125,881.1438802083334,393.95725504557294
CSNK1G2,CK1,P78368,3090.62451171875,2297.2626953125,2853.9541015625,895.1879272460938,728.468017578125,1890.8265380859373,2747.2804361979165,1171.494160970052
CSNK1G3,CK1,Q9Y6M4,6180.3212890625,4928.361328125,5638.08935546875,1644.3289794921875,1838.450927734375,2667.167236328125,5582.25732421875,2049.982381184896
CSNK2A1,CMGC,P68400,4231.4716796875,3539.795654296875,4276.2763671875,2306.936279296875,2142.73095703125,3273.381591796875,4015.847900390625,2574.349609375
CSNK2A2,CMGC,P19784,3807.32275390625,2829.26123046875,3404.227294921875,2691.688720703125,2529.321533203125,3561.09765625,3346.9370930989585,2927.3693033854165
DAPK1,CAMK,P53355,784.3735961914062,848.4828491210938,897.711181640625,400.6482543945313,302.5104064941406,458.6766357421875,843.5225423177084,387.27843221028644
DAPK3,CAMK,O43293,735.7744750976562,601.609375,655.9678955078125,678.0216064453125,563.0150756835938,793.4520874023438,664.4505818684896,678.1629231770834
DCLK1,CAMK,O15075,1973.448486328125,1895.4140625,1740.1956787109375,352.9573059082031,447.7142028808594,141.98638916015625,1869.6860758463542,314.21929931640625
DCLK2,CAMK,Q8N568,1235.308349609375,885.2074584960938,785.5611572265625,230.5008850097656,112.5477066040039,972.9555053710938,968.6923217773438,438.6680323282878
DCLK3,CAMK,Q9C098,586.9993286132812,607.0696411132812,514.1319580078125,441.4176025390625,439.1565246582031,477.4931335449219,569.4003092447916,452.6890869140625
DDR1,TK,Q08345,1107.407958984375,629.7678833007812,879.3961181640625,325.8060607910156,312.5773010253906,388.5240173339844,872.1906534830729,342.3024597167969
DSTYK,Other,Q6XUX3,6168.27734375,5884.16796875,6018.96484375,5516.5615234375,5280.107421875,7645.54150390625,6023.803385416667,6147.403483072917
DYRK1A,CMGC,Q13627,8876.6328125,7004.14453125,7908.755859375,1533.25927734375,1685.9112548828125,2449.665771484375,7929.844401041667,1889.6121012369792
DYRK1B,CMGC,Q9Y463,10145.4453125,8761.3369140625,9085.76171875,3049.281982421875,3018.61328125,4653.3759765625,9330.847981770834,3573.757080078125
DYRK2,CMGC,Q92630,4279.087890625,3141.46240234375,3473.63330078125,461.552490234375,1138.7689208984375,774.0855102539062,3631.39453125,791.4689737955729
EEF2K,Atypical,O00418,327.1072692871094,295.898193359375,316.2734680175781,357.3080749511719,355.1419372558594,604.2341918945312,313.0929768880208,438.8947347005208
EGFR,TK,P00533,4225.04345703125,3462.06298828125,3946.61962890625,36157.50390625,38888.67578125,48545.1484375,3877.90869140625,41197.109375
EIF2AK1,Other,Q9BQI3,3896.6318359375,3265.30419921875,3229.263671875,1814.21435546875,2100.369140625,1913.482177734375,3463.7332356770835,1942.6885579427083
EIF2AK2,Other,P19525,50184.19140625,40089.80078125,41541.31640625,19632.126953125,20433.7421875,29027.3671875,43938.436197916664,23031.078776041668
EIF2AK3,Other,Q9NZJ5,1290.2598876953125,1065.6419677734375,1199.1766357421875,886.2931518554688,917.3765258789062,1227.449462890625,1185.0261637369792,1010.373046875
EIF2AK4,Other,Q9P2K8,3962.872314453125,3695.234130859375,4017.312744140625,3066.508056640625,3313.173583984375,4034.11279296875,3891.806396484375,3471.2648111979165
EPHA2,TK,P29317,12771.7822265625,10349.990234375,12413.37109375,1168.594482421875,1175.0457763671875,1526.1595458984375,11845.0478515625,1289.9332682291667
EPHA3,TK,P29320,9321.34765625,8727.8984375,13835.9091796875,1296.19873046875,2656.733642578125,3879.251708984375,10628.385091145834,2610.72802734375
EPHA4,TK,P54764,5832.94482421875,9497.8271484375,11029.08984375,1080.5811767578125,1437.8587646484375,1586.4837646484375,8786.62060546875,1368.3079020182292
EPHA5,TK,P54756,1416.27587890625,1335.092529296875,1703.0941162109375,776.9514770507812,806.093994140625,1093.572998046875,1484.8208414713542,892.2061564127604
EPHA7,TK,Q15375,4232.55126953125,3198.021484375,3670.133056640625,965.951416015625,1074.5150146484375,1574.95556640625,3700.2352701822915,1205.1406656901042
EPHB1,TK,P54762,7609.3583984375,2837.34765625,6109.017578125,2870.076171875,1656.7642822265625,2579.944580078125,5518.574544270833,2368.9283447265625
EPHB2,TK,P29323,2138.5009765625,1892.4259033203125,2118.333251953125,1163.8314208984375,1098.02294921875,1761.8697509765625,2049.753377278646,1341.2413736979167
EPHB4,TK,P54760,2033.4031982421875,1673.3455810546875,1909.73583984375,1114.8287353515625,1027.2698974609375,1588.4468994140625,1872.1615397135417,1243.5151774088542
ERBB2,TK,P04626,15340.3447265625,13264.5673828125,14595.6748046875,7789.2236328125,7890.3857421875,11309.8515625,14400.195638020834,8996.486979166666
ERBB4,TK,Q15303,5390.43115234375,3112.41064453125,4299.80859375,857.5784301757812,345.6952209472656,1574.7088623046875,4267.550130208333,925.9941711425781
FER,TK,P16591,4267.45361328125,3788.71923828125,4190.77294921875,5105.20166015625,5083.94873046875,6002.9677734375,4082.3152669270835,5397.372721354167
FGFR1,TK,P11362,1776.7730712890625,1042.612060546875,1407.9798583984375,305.8208923339844,383.6792907714844,308.42803955078125,1409.1216634114583,332.6427408854167
FGFR2,TK,P21802,7100.94287109375,7869.50732421875,6552.66748046875,1600.5191650390625,773.5611572265625,1209.355224609375,7174.37255859375,1194.478515625
FGFR3,TK,P22607,3320.574951171875,2973.78955078125,3458.119384765625,555.1265869140625,438.4541320800781,800.6333618164062,3250.8279622395835,598.0713602701823
FLT4,TK,P35916,7362.63818359375,7591.23681640625,7920.49072265625,1027.8502197265625,1863.7303466796875,2203.505126953125,7624.78857421875,1698.3618977864583
FYN,TK,P06241,9619.56640625,8147.90771484375,9310.7578125,8743.01953125,8013.39697265625,11874.02734375,9026.077311197916,9543.481282552084
GAK,Other,O14976,7666.97607421875,6779.2998046875,7255.201171875,4264.5224609375,4202.708984375,5529.01611328125,7233.82568359375,4665.415852864583
GRK2,AGC,P25098,2050.404541015625,1597.98291015625,1745.3673095703125,636.74951171875,611.0670166015625,951.5864868164062,1797.9182535807292,733.1343383789062
GRK5,AGC,P34947,437.97552490234375,382.4842529296875,515.0602416992188,729.6019897460938,782.89404296875,1077.279541015625,445.17333984375,863.2585245768229
GRK6,AGC,P43250,5341.68701171875,4271.12646484375,4961.7822265625,854.6541748046875,904.7981567382812,1071.548583984375,4858.198567708333,943.6669718424479
GSK3A,CMGC,P49840,26707.146484375,21745.421875,23517.921875,7680.27783203125,6807.677734375,9619.873046875,23990.163411458332,8035.94287109375
GSK3B,CMGC,P49841,14402.9638671875,11766.357421875,12255.41015625,7279.4384765625,7007.033203125,9724.1455078125,12808.243815104166,8003.5390625
HASPIN,Other,Q8TF76,2477.11181640625,1756.420166015625,2040.34033203125,733.5598754882812,1138.28515625,2005.6629638671875,2091.290771484375,1292.502665201823
HIPK1,CMGC,Q86Z02,2659.4912109375,1904.414794921875,2579.26904296875,1291.1019287109375,1726.2781982421875,1757.8199462890625,2381.058349609375,1591.7333577473958
HIPK2,CMGC,Q9H2X6,2652.328857421875,1976.974365234375,2376.021728515625,904.2177734375,959.3294677734376,1192.947021484375,2335.1083170572915,1018.8314208984375
HIPK3,CMGC,Q9H422,620.53759765625,778.1173706054688,802.3051147460938,466.3459167480469,337.93780517578125,580.0101318359375,733.6533610026041,461.43128458658856
HSPB8,not in kinbase,Q9UJY1,451.45208740234375,241.2009429931641,266.281494140625,3693.5888671875,2623.72705078125,4612.859375,319.64484151204425,3643.3917643229165
HUNK,CAMK,P57058,2788.065185546875,2403.479248046875,2872.16259765625,316.0164489746094,343.97589111328125,420.39306640625,2687.90234375,360.1284688313802
IGF1R,TK,P08069,10688.9287109375,8847.0439453125,10155.349609375,2198.13427734375,1989.0848388671875,2951.182861328125,9897.107421875,2379.467325846354
IKBKB,Other,O14920,654.973876953125,517.1756591796875,614.3347778320312,706.7388916015625,735.090576171875,1166.7884521484375,595.4947713216146,869.539306640625
IKBKE,Other,Q14164,363.4669189453125,383.16119384765625,329.4754333496094,1042.3797607421875,998.224853515625,1316.52392578125,358.70118204752606,1119.0428466796875
ILK,TKL,Q13418,938.0477294921876,847.8994140625,842.016845703125,3453.3095703125,3066.98681640625,4541.90625,875.9879964192709,3687.40087890625
INSR,TK,P06213,8334.4482421875,6882.5283203125,7548.53662109375,1422.243408203125,1382.51025390625,2070.41259765625,7588.50439453125,1625.055419921875
IRAK1,TKL,P51617,18538.486328125,15383.8330078125,16416.0,4405.095703125,4737.501953125,6216.384765625,16779.439778645832,5119.660807291667
IRAK2,TKL,O43187,192.1602935791016,106.41304779052734,188.90386962890625,252.1217193603516,280.8739013671875,411.22564697265625,162.49240366617838,314.74042256673175
IRAK4,TKL,Q9NWZ3,8723.9990234375,7297.42822265625,7895.57666015625,9342.0673828125,9809.3369140625,13069.787109375,7972.334635416667,10740.397135416666
JAK1,TK,P23458,7508.4326171875,5895.626953125,6643.8681640625,2356.316162109375,2518.848876953125,3249.365478515625,6682.642578125,2708.1768391927085
JAK2,TK,O60674,6380.6171875,5305.16748046875,5842.51806640625,3870.10595703125,4073.160400390625,5769.2666015625,5842.767578125,4570.844319661458
KALRN,CAMK,O60229,305.271240234375,239.15402221679688,308.21435546875,635.6327514648438,663.4281616210938,721.2128295898438,284.2132059733073,673.4245808919271
KIT,TK,P10721,699.602294921875,1117.2208251953125,765.674072265625,263.5549011230469,408.7532958984375,159.10122680664062,860.8323974609375,277.136474609375
KSR1,TKL,Q8IVT5,380.6622924804688,304.7431030273437,344.30126953125,613.9638061523438,616.0180053710938,1015.9866333007812,343.2355550130208,748.6561482747396
LATS1,AGC,O95835,16978.220703125,14038.515625,14824.337890625,11377.6484375,11585.8427734375,15139.8798828125,15280.358072916666,12701.123697916666
LATS2,AGC,Q9NRM7,7835.4990234375,5911.08740234375,6990.40478515625,8935.4716796875,9975.7021484375,12092.9169921875,6912.330403645833,10334.696940104166
LIMK1,TKL,P53667,3174.197265625,2930.83984375,2843.927734375,3000.28173828125,3234.4912109375,4139.0380859375,2982.98828125,3457.93701171875
LIMK2,TKL,P53671,6340.416015625,5224.65673828125,5113.92626953125,3170.41845703125,2745.69775390625,3442.7451171875,5559.666341145833,3119.6204427083335
LMTK2,TK,Q8IWU2,499.9995422363281,264.6797180175781,376.8948669433594,246.76914978027344,311.85333251953125,312.76904296875,380.5247090657552,290.4638417561849
LRRK1,TKL,Q38SD2,3692.214599609375,3382.78466796875,2107.04052734375,3559.927734375,4513.060546875,7226.140625,3060.679931640625,5099.709635416667
LRRK2,TKL,Q5S007,2117.96826171875,1419.8909912109375,1211.6099853515625,448.8619384765625,332.255859375,774.0689086914062,1583.1564127604167,518.3955688476562
LYN,TK,P07948,33019.91015625,27872.921875,31249.51953125,17383.7265625,16249.5625,22782.326171875,30714.1171875,18805.205078125
MAP2K1,STE,Q02750,32929.296875,25877.373046875,28528.69921875,12425.5810546875,12518.7685546875,16199.390625,29111.789713541668,13714.580078125
MAP2K2,STE,P36507,70770.40625,56436.61328125,60040.55078125,42948.1953125,43207.3828125,56737.05859375,62415.856770833336,47630.87890625
MAP2K3,STE,P46734,2492.139404296875,2120.610595703125,2045.5345458984373,1063.8026123046875,1189.0638427734375,1492.8726806640625,2219.428181966146,1248.5797119140625
MAP2K4,STE,P45985,5152.98291015625,3833.33837890625,4554.806640625,1493.1368408203125,1517.5504150390625,2107.85107421875,4513.709309895833,1706.179443359375
MAP2K5,STE,Q13163,4743.8779296875,2640.891845703125,4993.49853515625,1419.085205078125,1290.44287109375,1823.561279296875,4126.089436848958,1511.02978515625
MAP2K6,STE,P52564,14994.8046875,11124.259765625,13136.62890625,4559.10546875,4541.83056640625,6693.25927734375,13085.231119791666,5264.731770833333
MAP2K7,STE,O14733,1961.7410888671875,1546.599609375,1880.518798828125,759.7967529296875,766.5127563476562,1167.1185302734375,1796.2864990234375,897.8093465169271
MAP3K1,STE,Q13233,969.8961181640624,886.9354248046875,941.779296875,405.9002685546875,335.03790283203125,455.43408203125,932.8702799479166,398.79075113932294
MAP3K10,TKL,Q02779,1519.695556640625,1527.6893310546875,872.2781372070312,176.78408813476562,180.6373291015625,306.0982666015625,1306.5543416341145,221.17322794596353
MAP3K11,TKL,Q16584,1206.0379638671875,995.2559814453124,997.8042602539062,1120.2469482421875,1578.3880615234375,1616.2955322265625,1066.3660685221355,1438.3101806640625
MAP3K15,STE,Q6ZN16,2227.583251953125,1752.41552734375,1864.4007568359373,774.2036743164062,650.0912475585938,877.5529174804688,1948.1331787109375,767.2826131184896
MAP3K2,STE,Q9Y2U5,6206.71533203125,5032.3291015625,5415.00341796875,4061.484619140625,4326.69140625,5335.3056640625,5551.349283854167,4574.493896484375
MAP3K20,TKL,Q9NYL2,4635.0849609375,3396.97216796875,3955.70849609375,4108.6044921875,4175.03173828125,5674.1865234375,3995.921875,4652.607584635417
MAP3K3,STE,Q99759,15871.8974609375,12224.7841796875,12889.998046875,5600.7119140625,5757.6005859375,7487.1962890625,13662.2265625,6281.836263020833
MAP3K4,STE,Q9Y6R4,6289.6767578125,5207.33154296875,5669.720703125,2125.040283203125,2055.25048828125,2962.3271484375,5722.243001302083,2380.8726399739585
MAP3K5,STE,Q99683,2898.28076171875,2201.021484375,2522.260009765625,820.7503051757812,931.0496215820312,1198.545166015625,2540.520751953125,983.4483642578125
MAP3K6,STE,O95382,3851.637939453125,3285.046142578125,3522.250732421875,1686.201904296875,1782.347900390625,2380.823974609375,3552.978271484375,1949.791259765625
MAP3K7,STE,O43318,5426.2666015625,4645.7724609375,4751.53173828125,3587.56591796875,3564.396484375,4394.3203125,4941.190266927083,3848.7609049479165
MAP4K2,STE,Q12851,646.0088500976562,650.6392822265625,591.0407104492188,1142.7891845703125,1210.291015625,1441.3876953125,629.2296142578125,1264.8226318359375
MAP4K3,STE,Q8IVH8,8464.189453125,7574.439453125,7148.869140625,3899.1142578125,3217.76513671875,4477.48095703125,7729.166015625,3864.7867838541665
MAP4K4,STE,O95819,10618.283203125,10151.833984375,10011.3974609375,6452.10107421875,6533.427734375,9396.7734375,10260.5048828125,7460.767415364583
MAP4K5,STE,Q9Y4K4,11435.49609375,9764.1884765625,10212.138671875,3682.9658203125,4311.4501953125,5431.14404296875,10470.607747395834,4475.186686197917
MAPK1,CMGC,P28482,84842.6796875,69675.84375,75946.0546875,24270.4453125,24507.06640625,34157.56640625,76821.52604166667,27645.026041666668
MAPK11,CMGC,Q15759,6102.62158203125,3320.369873046875,4794.78125,596.5076293945312,385.9509582519531,901.9994506835938,4739.257568359375,628.1526794433594
MAPK12,CMGC,P53778,8150.5908203125,7436.4931640625,8353.5693359375,1101.34619140625,1173.0037841796875,1589.383056640625,7980.2177734375,1287.9110107421875
MAPK13,CMGC,O15264,5920.13134765625,4596.4755859375,5590.89208984375,141.2661590576172,246.040283203125,212.6171875,5369.166341145833,199.97454325358072
MAPK14,CMGC,Q16539,14970.494140625,11613.1337890625,13496.8583984375,4556.11572265625,4818.58349609375,6920.87060546875,13360.162109375,5431.856608072917
MAPK3,CMGC,P27361,88709.7734375,73183.2109375,80930.046875,13623.73046875,12993.798828125,18894.421875,80941.01041666667,15170.650390625
MAPK4,CMGC,P31152,2981.160400390625,1701.2056884765625,1189.896484375,1516.4876708984375,1815.924072265625,1602.881103515625,1957.4208577473958,1645.0976155598958
MAPK7,CMGC,Q13164,3238.99072265625,3188.53271484375,3400.69384765625,932.515869140625,766.1280517578125,1083.2423095703125,3276.0724283854165,927.29541015625
MAPK8,CMGC,P45983,11557.57421875,8168.4306640625,9493.53515625,3382.6044921875,3111.444091796875,4375.38134765625,9739.8466796875,3623.143310546875
MAPK9,CMGC,P45984,11821.0283203125,9725.6103515625,11138.224609375,2355.24609375,2358.316162109375,3205.233154296875,10894.954427083334,2639.5984700520835
MAPKAPK2,CAMK,P49137,754.64111328125,616.5099487304688,713.61865234375,1030.6947021484375,922.6099243164062,1351.3848876953125,694.9232381184896,1101.5631713867188
MAPKAPK3,CAMK,Q16644,335.1045837402344,302.2087707519531,268.1251220703125,670.4095458984375,619.3797607421875,973.4234008789062,301.8128255208333,754.4042358398438
MARK1,CAMK,Q9P0L2,7193.17529296875,6047.7177734375,6299.30908203125,1829.2724609375,1577.2998046875,2329.395263671875,6513.400716145833,1911.9891764322917
MARK2,CAMK,Q7KZI7,13872.7890625,12054.6240234375,12686.8642578125,8688.65625,7903.59228515625,10902.4765625,12871.42578125,9164.908365885416
MARK3,CAMK,P27448,34654.7890625,28930.01953125,32004.349609375,14659.548828125,12960.96875,19189.90234375,31863.052734375,15603.473307291666
MARK4,CAMK,Q96L34,2072.5234375,1543.023681640625,2416.44775390625,439.5843811035156,386.67816162109375,542.2172241210938,2010.6649576822917,456.15992228190106
MAST1,AGC,Q9Y2H9,1377.63916015625,1118.7265625,1406.9456787109375,340.1092224121094,429.5263671875,374.3861999511719,1301.1038004557292,381.34059651692706
MAST2,AGC,Q6P0Q8,4980.578125,4187.3671875,4270.62109375,3479.247802734375,3135.562255859375,4636.26611328125,4479.522135416667,3750.3587239583335
MAST3,AGC,O60307,5264.58642578125,4544.23828125,4799.1328125,4096.431640625,3848.747314453125,5454.42333984375,4869.319173177083,4466.534098307292
MAST4,AGC,O15021,1251.288818359375,1206.528076171875,1346.8314208984375,89.33334350585938,184.7601776123047,182.74005126953125,1268.2161051432292,152.2778574625651
MASTL,AGC,Q96GX5,5433.79931640625,4741.337890625,4795.71728515625,6163.08349609375,6777.486328125,7964.95068359375,4990.284830729167,6968.5068359375
MATK,TK,P42679,4887.95751953125,4481.32275390625,4578.40966796875,2730.751220703125,2965.445556640625,4059.1865234375,4649.22998046875,3251.79443359375
MELK,CAMK,Q14680,2652.8388671875,2320.786376953125,2495.43359375,1010.7625732421876,1050.9556884765625,1447.9525146484375,2489.686279296875,1169.8902587890625
MERTK,TK,Q12866,8811.533203125,7873.32763671875,7879.822265625,2798.72412109375,2859.898193359375,3705.8544921875,8188.227701822917,3121.4922688802085
MET,TK,P08581,3799.330078125,3091.15771484375,3434.71240234375,2025.978515625,1923.3682861328125,2407.843994140625,3441.7333984375,2119.0635986328125
MINK1,STE,Q8N4C8,2875.73828125,2558.646240234375,2613.506591796875,1965.7802734375,2101.057373046875,2666.4228515625,2682.63037109375,2244.420166015625
MKNK1,CAMK,Q9BUB5,1959.365478515625,1585.295166015625,1859.6343994140625,564.62060546875,597.776123046875,736.6849975585938,1801.4316813151042,633.0272420247396
MKNK2,CAMK,Q9HBH9,2836.948486328125,2516.09619140625,2647.781982421875,704.5628662109375,939.9476928710938,1294.3616943359375,2666.9422200520835,979.6240844726562
MLKL,TKL,Q8NB16,161.6492919921875,144.17916870117188,167.46783447265625,801.864013671875,719.4794921875,1058.0462646484375,157.76543172200522,859.7965901692709
MTOR,Atypical,P42345,2077.271728515625,1878.0537109375,2250.451171875,2283.892822265625,2250.78125,3010.958984375,2068.5922037760415,2515.2110188802085
MYLK,CAMK,Q15746,840.2243041992188,604.75390625,707.8214111328125,81.50286102294922,61.98841094970703,112.36865997314452,717.5998738606771,85.2866439819336
MYLK3,CAMK,Q32MK0,827.3607788085938,289.7125244140625,213.38612365722656,2380.61328125,2991.004638671875,3817.413330078125,443.4864756266276,3063.0104166666665
MYO3A,STE,Q8NEV4,1679.056640625,1051.262451171875,694.2736206054688,222.59976196289065,160.82229614257812,99.35862731933594,1141.5309041341145,160.92689514160156
NEK1,Other,Q96PY6,7885.1123046875,6984.89599609375,7290.3369140625,1975.1240234375,2176.176025390625,3098.671875,7386.78173828125,2416.6573079427085
NEK2,Other,P51955,2642.31103515625,2107.182373046875,2360.719970703125,1518.6710205078125,945.9260864257812,1050.0543212890625,2370.0711263020835,1171.5504760742188
NEK3,Other,P51956,11053.4619140625,9558.27734375,9546.4482421875,1562.56640625,1371.670166015625,2315.3310546875,10052.729166666666,1749.8558756510417
NEK4,Other,P51957,2713.012451171875,2179.059814453125,2322.277099609375,683.1107788085938,783.4797973632812,811.4459838867188,2404.7831217447915,759.3455200195312
NEK6,Other,Q9HC98,654.8648681640625,377.6249694824219,375.5095825195313,1187.06884765625,943.1266479492188,1363.5072021484375,469.33314005533856,1164.5675659179688
NEK7,Other,Q8TDX7,1912.8798828125,1367.7630615234375,1494.065185546875,1531.6634521484375,1399.6759033203125,2083.097900390625,1591.5693766276042,1671.4790852864583
NEK8,Other,Q86SG6,1238.68896484375,970.00048828125,1145.39794921875,203.64138793945312,388.3070068359375,329.06793212890625,1118.0291341145833,307.0054423014323
NEK9,Other,Q8TD19,21550.59765625,18003.298828125,20057.873046875,7045.4326171875,7214.99365234375,9375.5615234375,19870.58984375,7878.66259765625
NLK,CMGC,Q9UBE8,1936.4638671875,1579.346923828125,1689.1590576171875,711.9248657226562,945.6514282226562,1283.5479736328125,1734.9899495442708,980.374755859375
NRBP1,Other,Q9UHY1,600.0703735351562,551.2734375,551.3017578125,571.2783813476562,453.84466552734375,653.2110595703125,567.5485229492188,559.4447021484375
NUAK1,CAMK,O60285,1169.3563232421875,980.8212280273438,1370.3865966796875,1312.492919921875,1328.7593994140625,1553.3660888671875,1173.5213826497395,1398.2061360677083
NUAK2,CAMK,Q9H093,1350.9580078125,1119.48291015625,843.37744140625,4211.037109375,3892.975341796875,6735.66064453125,1104.6061197916667,4946.557698567708
OXSR1,STE,O95747,5503.97802734375,4509.16552734375,4724.498046875,3460.2216796875,3422.659912109375,4115.2333984375,4912.547200520833,3666.038330078125
PAK1,STE,Q13153,56884.8046875,48176.89453125,51527.84765625,22212.861328125,22767.17578125,28419.341796875,52196.515625,24466.459635416668
PAK2,STE,Q13177,111190.625,87223.734375,93472.015625,38408.8515625,38946.421875,47933.109375,97295.45833333333,41762.794270833336
PAK4,STE,O96013,10450.2509765625,7977.82861328125,9379.400390625,1751.8055419921875,1558.4080810546875,2122.071044921875,9269.159993489584,1810.7615559895833
PAN3,Other,Q58A45,1845.711181640625,1710.0692138671875,2153.296875,778.7288208007812,846.2814331054688,1298.0340576171875,1903.0257568359375,974.3481038411459
PASK,CAMK,Q96RG2,200.46453857421875,173.1210479736328,203.05186462402344,200.8945159912109,143.09661865234375,261.8346252441406,192.21248372395834,201.9419199625651
PBK,Other,Q96KB5,1737.8409423828125,1359.8668212890625,1629.271484375,3150.4970703125,2814.5244140625,4389.47119140625,1575.6597493489583,3451.49755859375
PDGFRB,TK,P09619,496.43157958984375,1310.56787109375,404.0783996582031,2145.684326171875,3947.53271484375,4011.294921875,737.0259501139323,3368.170654296875
PDIK1L,Other,Q8N165,2930.719482421875,2630.993896484375,2993.984375,600.3638305664062,280.46014404296875,471.888427734375,2851.8992513020835,450.9041341145833
PDK1,Atypical,Q15118,2810.650634765625,1910.3223876953125,2462.166259765625,561.0961303710938,793.5003051757812,1042.3157958984375,2394.3797607421875,798.9707438151041
PDK2,Atypical,Q15119,5069.43994140625,4201.330078125,5188.373046875,1693.0916748046875,1734.758544921875,2354.939208984375,4819.71435546875,1927.5964762369792
PDK3,Atypical,Q15120,2352.352783203125,2003.3455810546875,2284.209228515625,543.9569091796875,632.4234008789062,851.7210693359375,2213.302530924479,676.0337931315104
PDPK1,AGC,O15530,2558.34619140625,1994.0418701171875,2000.419677734375,707.8121948242188,759.2960815429688,975.5092163085938,2184.269246419271,814.2058308919271
PEAK1,Other,Q9H792,824.4915161132812,1076.71923828125,711.5347900390625,1059.6060791015625,1040.58740234375,1170.0885009765625,870.9151814778646,1090.093994140625
PHKG2,CAMK,P15735,2620.04248046875,2113.955322265625,2364.25634765625,628.93603515625,687.1525268554688,1024.9036865234375,2366.084716796875,780.3307495117188
PIK3R4,Other,Q99570,1058.991943359375,828.7135620117188,1088.308349609375,1407.3619384765625,1422.1202392578125,1986.3028564453125,992.0046183268229,1605.2616780598958
PKMYT1,Other,Q99640,8084.78955078125,5995.1162109375,6580.7353515625,1263.8179931640625,1671.0120849609375,1636.5440673828125,6886.88037109375,1523.7913818359375
PKN1,AGC,Q16512,8895.6279296875,7008.37939453125,8470.4970703125,5011.943359375,4720.0732421875,6626.330078125,8124.834798177083,5452.7822265625
PKN2,AGC,Q16513,5399.619140625,4382.79541015625,4954.5087890625,2941.527587890625,3053.19287109375,3947.358154296875,4912.307779947917,3314.0262044270835
PKN3,AGC,Q6P5Z2,1516.63818359375,1046.6346435546875,1225.6260986328125,559.8140258789062,509.9114074707031,880.2794189453125,1262.96630859375,650.0016174316406
PLK1,Other,P53350,2923.088134765625,2718.021240234375,2750.131103515625,3230.710693359375,2900.814453125,4348.431640625,2797.0801595052085,3493.3189290364585
PLK4,Other,O00444,1037.0953369140625,697.356689453125,782.5482177734375,534.890869140625,616.4324951171875,862.109375,839.0000813802084,671.1442464192709
POMK,Other,Q9H5K3,302.93658447265625,877.6417846679688,425.1572265625,774.8665771484375,545.1993408203125,763.1032104492188,535.2451985677084,694.3897094726562
PRAG1,Other,Q86YV5,106.24203491210938,88.25401306152344,80.42545318603516,164.4526824951172,183.80880737304688,258.44775390625,91.64050038655598,202.23641459147134
PRKAA1,CAMK,Q13131,33535.7421875,27395.01953125,29193.951171875,21634.177734375,23867.775390625,30224.7578125,30041.570963541668,25242.236979166668
PRKAA2,CAMK,P54646,15739.50390625,13672.7373046875,14484.44921875,3973.801513671875,4261.89892578125,5056.43310546875,14632.230143229166,4430.711181640625
PRKACA,AGC,P17612,2327.610595703125,1678.283935546875,1510.809326171875,1535.83642578125,1468.8150634765625,1734.520263671875,1838.9012858072917,1579.7239176432292
PRKACB,AGC,P22694,9443.6162109375,7205.02880859375,8230.806640625,6342.9736328125,5950.36572265625,8773.3515625,8293.150553385416,7022.230305989583
PRKCA,AGC,P17252,1568.0751953125,1140.3165283203125,1369.0003662109375,1365.85546875,1227.1575927734375,1853.356689453125,1359.1306966145833,1482.1232503255208
PRKCB,AGC,P05771,1758.1923828125,1281.8994140625,1352.9132080078125,1209.2237548828125,1166.4276123046875,1462.9248046875,1464.3350016276042,1279.525390625
PRKCD,AGC,Q05655,3160.85791015625,2339.952392578125,2696.2255859375,2439.151611328125,2301.44775390625,3491.530029296875,2732.3452962239585,2744.0431315104165
PRKCE,AGC,Q02156,1110.72509765625,930.8009643554688,1131.0584716796875,386.4588012695313,389.1858215332031,333.4011535644531,1057.5281778971355,369.6819254557292
PRKCH,AGC,P24723,3632.865966796875,2392.3935546875,3406.106689453125,513.0066528320312,950.4651489257812,711.6744384765625,3143.7887369791665,725.0487467447916
PRKCI,AGC,P41743,2897.194091796875,2681.74169921875,2684.395751953125,3800.361572265625,3196.335693359375,4545.4677734375,2754.44384765625,3847.3883463541665
PRKCQ,AGC,Q04759,644.8306884765625,558.693603515625,627.9874877929688,38.430057525634766,130.2753448486328,163.65626525878906,610.5039265950521,110.78722254435222
PRKCZ,AGC,Q05513,352.34136962890625,210.235595703125,294.6990051269531,324.5154724121094,343.0090026855469,536.0084838867188,285.75865681966144,401.1776529947917
PRKD1,CAMK,Q15139,1258.7149658203125,1046.99365234375,1154.9483642578125,104.22728729248048,138.2156982421875,44.00282669067383,1153.5523274739583,95.48193740844727
PRKD2,CAMK,Q9BZL6,1507.271728515625,1185.991455078125,1597.6826171875,604.34423828125,770.3861083984375,925.8330078125,1430.3152669270833,766.8544514973959
PRKD3,CAMK,O94806,2850.1318359375,2232.029052734375,2426.17626953125,1161.1953125,1251.663330078125,1679.5362548828125,2502.779052734375,1364.1316324869792
PRKDC,Atypical,P78527,45396.01953125,39850.35546875,48744.703125,36936.0078125,36282.63671875,50056.36328125,44663.692708333336,41091.669270833336
PRKG1,AGC,Q13976,1992.2542724609373,2336.09326171875,2079.2060546875,210.46908569335935,116.23943328857422,394.6687316894531,2135.8511962890625,240.4590835571289
PRKX,AGC,P51817,1152.4951171875,1495.6031494140625,2308.181396484375,19501.857421875,15830.0986328125,25830.828125,1652.0932210286458,20387.5947265625
PRPF4B,CMGC,Q13523,3969.8056640625,4229.0224609375,5097.9462890625,6451.17919921875,7209.9560546875,7514.7421875,4432.258138020833,7058.625813802083
PTK2,TK,Q05397,7452.27490234375,6305.01904296875,6930.5966796875,3187.572509765625,2985.093017578125,4226.47607421875,6895.963541666667,3466.3805338541665
PTK2B,TK,Q14289,1610.5546875,1143.191162109375,1745.664794921875,285.5414123535156,612.0777587890625,395.5043029785156,1499.8035481770833,431.04115804036456
PTK7,TK,Q13308,882.1163330078125,656.9591674804688,796.2493286132812,100.98184967041016,103.01139831542967,138.72885131835938,778.4416097005209,114.2406997680664
PXK,Other,Q7Z7A4,246.61752319335935,121.3148956298828,218.1670837402344,196.5102081298828,76.33289337158203,130.3525848388672,195.3665008544922,134.398562113444
RAF1,TKL,P04049,5547.27587890625,4588.177734375,5106.04248046875,3346.55810546875,3370.94287109375,4318.267578125,5080.498697916667,3678.5895182291665
RIOK1,Atypical,Q9BRS2,1169.4630126953125,936.2750854492188,1004.8490600585938,932.5936889648438,963.4592895507812,1572.023681640625,1036.8623860677083,1156.0255533854167
RIOK2,Atypical,Q9BVS4,1214.43310546875,1249.5537109375,1252.5673828125,886.0311889648438,877.9727783203125,1112.464599609375,1238.8513997395833,958.8228556315104
RIOK3,Atypical,O14730,997.3513793945312,925.3710327148438,938.0453491210938,1222.865478515625,866.09228515625,1525.0338134765625,953.5892537434896,1204.6638590494792
RIPK1,TKL,Q13546,4031.41357421875,3308.376708984375,3294.222412109375,2959.996826171875,2937.277099609375,3850.14404296875,3544.6708984375,3249.1393229166665
RIPK2,TKL,O43353,7131.80078125,6211.7333984375,6485.482421875,4781.7041015625,5033.8115234375,6452.39892578125,6609.672200520833,5422.63818359375
RIPK4,TKL,P57078,1441.701904296875,1158.7889404296875,1190.7569580078125,307.6904296875,128.0548553466797,312.4556579589844,1263.749267578125,249.4003143310547
RNASEL,Other,Q05823,111.72462463378906,79.86270141601562,115.08113098144533,11.143613815307615,16.476613998413086,43.980953216552734,102.22281901041667,23.86706034342448
ROCK1,AGC,Q13464,2680.373291015625,2383.436279296875,2711.943603515625,3118.18212890625,3221.923583984375,4108.8486328125,2591.917724609375,3482.9847819010415
ROCK2,AGC,O75116,12510.599609375,10910.3046875,12245.5458984375,16132.248046875,16744.1875,20815.708984375,11888.816731770834,17897.381510416668
ROR1,TK,Q01973,1099.1510009765625,991.638427734375,1255.2012939453125,410.8353576660156,290.0834655761719,557.0731201171875,1115.3302408854167,419.3306477864583
ROR2,TK,Q01974,688.4324340820312,559.646484375,662.4779052734375,746.2576904296875,664.4725952148438,1001.4104614257812,636.8522745768229,804.0469156901041
RPS6KA1,AGC,Q15418,13531.177734375,11580.4580078125,12904.9443359375,11858.2275390625,12495.25390625,16513.919921875,12672.193359375,13622.467122395834
RPS6KA3,AGC,P51812,69524.7421875,60382.21484375,62111.203125,60358.6796875,65542.3984375,83565.9609375,64006.053385416664,69822.34635416667
RPS6KA4,AGC,O75676,1607.025390625,1298.0645751953125,1277.3822021484375,2939.037109375,3055.09765625,3236.612548828125,1394.1573893229167,3076.915771484375
RPS6KA5,AGC,O75582,14601.517578125,12086.2392578125,12764.4501953125,5061.7724609375,5171.38427734375,7514.4404296875,13150.735677083334,5915.86572265625
RPS6KA6,AGC,Q9UK32,4549.88720703125,3210.070556640625,3230.924560546875,652.6860961914062,361.0986022949219,572.4608764648438,3663.62744140625,528.748524983724
RPS6KB1,AGC,P23443,5170.83984375,4279.5458984375,5035.9599609375,2375.635009765625,2408.9443359375,3389.559326171875,4828.781901041667,2724.712890625
RPS6KB2,AGC,Q9UBS0,1574.5537109375,1214.6075439453125,1401.98583984375,1724.3380126953125,2091.513916015625,2744.097900390625,1397.0490315755208,2186.649943033854
SCYL1,Other,Q96KG9,1052.706298828125,815.3289794921875,902.0831298828124,1710.5828857421875,1602.767333984375,2361.3046875,923.372802734375,1891.5516357421875
SCYL2,Other,Q6P3W7,1019.7439575195312,770.9306640625,900.0439453125,1054.8778076171875,933.0758056640624,1431.784912109375,896.9061889648438,1139.912841796875
SCYL3,Other,Q8IZE3,594.8447875976562,311.9438781738281,456.73333740234375,268.3667907714844,300.6099853515625,464.9291687011719,454.50733439127606,344.63531494140625
SGK1,AGC,O00141,306.24542236328125,188.9205474853516,202.3146209716797,1397.23046875,1550.699951171875,1880.88232421875,232.4935302734375,1609.604248046875
SGK3,AGC,Q96BR1,4320.94140625,2677.17822265625,2862.74169921875,455.9192810058594,351.73291015625,632.1987915039062,3286.9537760416665,479.95032755533856
SIK2,CAMK,Q9H0K1,3897.04638671875,3491.0693359375,4499.11767578125,5543.26953125,4789.81884765625,7026.47119140625,3962.4111328125,5786.519856770833
SIK3,CAMK,Q9Y2K2,733.004150390625,644.6038818359375,745.977783203125,341.7394104003906,330.9208068847656,445.84771728515625,707.8619384765625,372.8359781901042
SLK,STE,Q9H2G2,30327.216796875,28968.87109375,29468.75390625,9003.82421875,8503.140625,10895.21484375,29588.280598958332,9467.393229166666
SMG1,Atypical,Q96Q15,877.4403686523438,754.8472900390625,891.19873046875,753.8226318359375,775.48779296875,949.73095703125,841.1621297200521,826.3471272786459
SNRK,CAMK,Q9NRH2,2772.600341796875,2042.404052734375,2661.31689453125,1000.30419921875,1337.1495361328125,1446.8607177734375,2492.1070963541665,1261.4381510416667
SRC,TK,P12931,31074.40234375,25180.67578125,29071.94140625,10771.0419921875,9965.23828125,14314.7451171875,28442.33984375,11683.675130208334
SRPK1,CMGC,Q96SB4,5669.1005859375,4635.578125,5035.4697265625,4647.4501953125,4082.69580078125,6167.27734375,5113.3828125,4965.807779947917
SRPK2,CMGC,P78362,2216.67333984375,1825.5223388671875,2094.719482421875,1301.0924072265625,1193.7646484375,1778.0933837890625,2045.6383870442708,1424.3168131510417
STK10,STE,O94804,3776.812255859375,3228.27587890625,3526.662841796875,2116.664794921875,1954.21142578125,2654.416748046875,3510.5836588541665,2241.7643229166665
STK11,CAMK,Q15831,112000.75,89637.328125,114031.8984375,3188.134033203125,1601.1224365234375,2543.169677734375,105223.32552083333,2444.142049153646
STK16,Other,O75716,777.5213623046875,551.4734497070312,587.9632568359375,204.26646423339844,192.1851501464844,281.6325378417969,638.9860229492188,226.0280507405599
STK17B,CAMK,O94768,157.46884155273438,233.31918334960935,173.17733764648438,81.76544189453125,72.2459487915039,140.20460510253906,187.98845418294272,98.0719985961914
STK19,Atypical,P49842,308.1439208984375,200.34347534179688,130.30337524414062,444.035888671875,429.7294006347656,532.2621459960938,212.93025716145834,468.6758117675781
STK24,STE,Q9Y6E0,29767.3984375,23367.41015625,25943.8671875,17712.556640625,19702.33203125,25777.412109375,26359.55859375,21064.100260416668
STK25,STE,O00506,9131.6533203125,7939.56982421875,8256.794921875,2929.8896484375,2638.29931640625,3656.855224609375,8442.672688802084,3075.0147298177085
STK26,STE,Q9P289,27612.009765625,22658.802734375,25091.5703125,22287.751953125,22159.67578125,30578.46484375,25120.794270833332,25008.630859375
STK3,STE,Q13188,13072.7109375,11256.2236328125,11540.9990234375,7154.220703125,7249.94775390625,9430.8017578125,11956.64453125,7944.990071614583
STK32C,AGC,Q86UX6,573.2223510742188,836.679443359375,1259.533203125,237.8292694091797,292.5991516113281,539.2177124023438,889.8116658528646,356.5487111409505
STK33,CAMK,Q9BYT3,9420.90625,8313.94140625,7454.72607421875,2622.2890625,2244.17431640625,3566.817626953125,8396.524576822916,2811.0936686197915
STK35,Other,Q8TDR2,6835.54296875,5308.92626953125,6081.3203125,2363.042724609375,2663.0107421875,3198.4560546875,6075.26318359375,2741.503173828125
STK36,Other,Q9NRP7,2426.635498046875,1870.3131103515625,1964.47265625,2596.85791015625,2772.38037109375,4058.675048828125,2087.140421549479,3142.6377766927085
STK38,AGC,Q15208,21783.203125,17707.966796875,19439.23828125,19944.083984375,20343.083984375,25969.21484375,19643.469401041668,22085.4609375
STK38L,AGC,Q9Y2H1,9514.701171875,7239.1845703125,7745.04736328125,4199.15576171875,4462.591796875,6145.109375,8166.31103515625,4935.618977864583
STK39,STE,Q9UEW8,20315.962890625,15823.4931640625,17909.3046875,3877.12451171875,3737.1025390625,5201.88134765625,18016.253580729168,4272.0361328125
STK4,STE,Q13043,24926.484375,20979.1796875,21593.306640625,8786.25390625,9309.1875,11947.7578125,22499.656901041668,10014.399739583334
STRADA,STE,Q7RTN6,696.5706176757812,528.6389770507812,660.5758056640625,193.2638397216797,86.09973907470703,236.0303649902344,628.5951334635416,171.79798126220703
SYK,TK,P43405,6252.4033203125,5649.5439453125,5534.8125,67.42443084716797,100.91857147216795,109.03057861328124,5812.253255208333,92.45786031087239
TAF1,Atypical,P21675,325.3030700683594,361.70123291015625,453.2236022949219,372.9429626464844,417.3500061035156,545.5820922851562,380.0759684244792,445.29168701171875
TAOK1,STE,Q7L7X3,1982.7816162109373,1474.5723876953125,1762.59912109375,1607.91650390625,1318.4415283203125,2046.5059814453125,1739.984375,1657.621337890625
TAOK2,STE,Q9UL54,2015.2039794921875,1824.308837890625,2047.1844482421875,1416.1558837890625,1265.5892333984375,1597.903564453125,1962.232421875,1426.549560546875
TAOK3,STE,Q9H2K8,800.2061157226562,666.8733520507812,860.05517578125,1099.669189453125,1126.2657470703125,1750.8701171875,775.7115478515625,1325.6016845703125
TBCK,Other,Q8TEA7,705.797119140625,531.2830810546875,698.2151489257812,821.8746948242188,1031.667724609375,889.6336669921875,645.0984497070312,914.3920288085938
TBK1,Other,Q9UHD2,28874.4453125,24221.1328125,24488.552734375,12675.9111328125,12605.576171875,17440.703125,25861.376953125,14240.730143229166
TEC,TK,P42680,3037.989501953125,2508.329833984375,2676.255615234375,823.453369140625,767.5642700195312,1151.036376953125,2740.8583170572915,914.0180053710938
TESK2,TKL,Q96S53,3586.56396484375,3484.1435546875,2938.170654296875,421.2000732421875,172.21099853515625,1007.5741577148438,3336.292724609375,533.6617431640625
TGFBR1,TKL,P36897,8881.17578125,6596.01806640625,7080.10400390625,8323.423828125,7616.08447265625,10640.8134765625,7519.099283854167,8860.107259114584
TLK1,Other,Q9UKI8,4058.0224609375,3220.81884765625,3384.345703125,2805.6171875,2742.19482421875,3796.43505859375,3554.3956705729165,3114.7490234375
TLK2,Other,Q86UE8,14611.3876953125,11684.32421875,12362.1875,6728.822265625,6764.10791015625,8562.9306640625,12885.966471354166,7351.95361328125
TNIK,STE,Q9UKE5,3442.610107421875,2952.657958984375,2783.8515625,158.93814086914062,103.50872802734376,99.66273498535156,3059.70654296875,120.70320129394531
TNK1,TK,Q13470,1698.077392578125,1328.4302978515625,1602.665283203125,5856.27392578125,4981.88037109375,7508.818359375,1543.0576578776042,6115.657552083333
TNK2,TK,Q07912,3208.1044921875,2360.50390625,3724.016845703125,1824.17529296875,1657.9345703125,2582.848876953125,3097.541748046875,2021.6529134114583
TP53RK,Other,Q96S44,115.009521484375,90.64079284667967,110.04096221923828,132.89671325683594,112.38665771484376,200.2600860595703,105.23042551676433,148.51448567708334
TRIM24,Atypical,O15164,1525.9228515625,1336.3126220703125,1513.5015869140625,2055.002685546875,2054.32373046875,2812.224609375,1458.5790201822917,2307.1836751302085
TRIM28,Atypical,Q13263,35162.296875,30321.01953125,33545.15625,38986.04296875,40274.625,54783.49609375,33009.490885416664,44681.388020833336
TRIM33,Atypical,Q9UPN9,1826.099365234375,1598.7818603515625,1835.5604248046875,1276.3466796875,1297.9781494140625,1746.2491455078125,1753.4805501302083,1440.1913248697917
TRIO,CAMK,O75962,359.0475158691406,352.8522033691406,452.1862487792969,781.7410888671875,777.31982421875,1019.443603515625,388.0286560058594,859.5015055338541
TRPM7,Atypical,Q96QT4,170.2929229736328,111.26968383789062,165.73634338378906,203.05503845214844,220.38758850097656,341.9748229980469,149.09965006510416,255.13914998372397
TRRAP,Atypical,Q9Y4A5,2125.96728515625,1825.11572265625,2148.890380859375,1986.182861328125,1969.9803466796875,2815.28759765625,2033.324462890625,2257.1502685546875
TTK,Other,P33981,11984.9697265625,9076.8466796875,8688.4287109375,5347.99609375,5126.564453125,6590.08642578125,9916.748372395834,5688.215657552083
TTN,CAMK,Q8WZ42,360.5384521484375,343.30108642578125,325.6620178222656,356.1509704589844,290.0925598144531,561.5036010742188,343.1671854654948,402.58237711588544
TYK2,TK,P29597,4286.0439453125,3407.735107421875,3625.678466796875,1796.1480712890625,1856.37890625,2631.328369140625,3773.1525065104165,2094.618448893229
TYK2,TK,P29597,4286.0439453125,3407.735107421875,3625.678466796875,1796.1480712890625,1856.37890625,2631.328369140625,3773.1525065104165,2094.618448893229
TYRO3,TK,Q06418,2535.38037109375,2083.682373046875,2329.385986328125,1896.7833251953125,1774.1497802734375,2739.04052734375,2316.1495768229165,2136.6578776041665
ULK1,Other,O75385,4244.05615234375,4107.70849609375,4223.80712890625,1018.8900756835938,1014.426025390625,1349.3160400390625,4191.857259114583,1127.5440470377605
ULK2,Other,Q8IYT8,440.0724487304688,462.5331726074219,570.1246337890625,148.2433624267578,205.65513610839844,362.1183776855469,490.9100850423177,238.67229207356772
ULK3,Other,Q6PHR2,9658.8603515625,7314.18701171875,8319.2275390625,850.347900390625,885.6360473632812,1202.2010498046875,8430.75830078125,979.3949991861979
VRK1,CK1,Q99986,4214.02783203125,3028.19970703125,3682.7705078125,2853.15380859375,2621.90185546875,4128.04150390625,3641.666015625,3201.0323893229165
VRK2,CK1,Q86Y07,1667.1307373046875,1122.3623046875,940.6655883789062,1759.869384765625,2092.7421875,2511.482421875,1243.386210123698,2121.3646647135415
VRK3,CK1,Q8IV63,455.993408203125,453.5796508789063,479.0867309570313,204.14093017578125,66.28536987304688,152.69703674316406,462.8865966796875,141.0411122639974
WEE1,Other,P30291,2765.562255859375,2977.95068359375,2803.36181640625,1102.210205078125,1074.5732421875,1631.017822265625,2848.958251953125,1269.26708984375
WNK1,Other,Q9H4A3,2537.389892578125,2144.34130859375,2526.054931640625,2361.65966796875,2320.24462890625,3045.829345703125,2402.5953776041665,2575.9112141927085
WNK2,Other,Q9Y3S1,601.8192138671875,592.6168212890625,673.81298828125,258.5619812011719,207.94500732421875,360.9698791503906,622.7496744791666,275.82562255859375
WNK3,Other,Q9BYP7,1799.114501953125,1791.4537353515625,2298.275146484375,328.8829040527344,876.2200927734375,435.2272338867188,1962.9477945963542,546.7767435709635
YES1,TK,P07947,63486.5390625,52625.12109375,60009.09765625,36374.8046875,35000.9921875,47556.64453125,58706.919270833336,39644.147135416664
BAZ1A,Atypical,Q9NRL2,1873.256103515625,1650.9560546875,1961.721435546875,1866.3485107421875,1750.005126953125,2858.0244140625,1828.64453125,2158.126017252604
BAZ1B,Atypical,Q9UIG0,5689.58740234375,5439.62548828125,6266.00927734375,14431.9775390625,13342.771484375,18870.333984375,5798.407389322917,15548.361002604166
ABR,Atypical,Q12979,1312.7039794921875,1089.4622802734375,1300.1650390625,753.8585815429688,643.9332275390625,1001.1774291992188,1234.1104329427083,799.6564127604166
BLVRA,Atypical,P53004,3784.9375,3210.224609375,3720.065673828125,1351.8477783203125,1292.74267578125,1991.7138671875,3571.7425944010415,1545.4347737630208
GTF2F1,Atypical,P35269,2478.691162109375,1972.1533203125,2388.539794921875,1608.0860595703125,1557.2303466796875,2405.989501953125,2279.7947591145835,1857.1019694010417
NME1,NDK,P15531,11691.2744140625,9698.3173828125,9983.1279296875,9145.591796875,8613.4765625,14277.6396484375,10457.5732421875,10678.902669270834
NME2,NDK,P22392,33408.91796875,29193.91796875,31751.541015625,27761.6796875,27500.5859375,41112.79296875,31451.458984375,32125.01953125
NME3,NDK,Q13232,781.5398559570312,578.0575561523438,613.1647338867188,293.61700439453125,366.6701965332031,371.9764709472656,657.5873819986979,344.087890625
NME4,NDK,O00746,4378.2314453125,5867.53076171875,4185.2353515625,2787.260009765625,2728.819091796875,2832.930419921875,4810.33251953125,2783.003173828125
NME6,NDK,O75414,179.35728454589844,194.47520446777344,164.94789123535156,644.3616333007812,481.3063659667969,815.4766845703125,179.5934600830078,647.0482279459635
NME7,NDK,Q9Y5B8,710.3795776367188,583.3015747070312,681.486572265625,831.3453979492188,710.1383666992188,1137.3814697265625,658.3892415364584,892.955078125
FAM20B,PKL,O75063,426.2214660644531,304.0960693359375,505.9906005859375,372.7657165527344,310.5530090332031,492.1941528320313,412.1027119954427,391.83762613932294
FASTKD1,not in kinbase,Q53R41,535.4813232421875,450.9418640136719,543.1041870117188,599.4105834960938,578.2445678710938,821.8289184570312,509.8424580891927,666.4946899414062
FASTKD2,not in kinbase,Q9NYY8,2616.4326171875,2114.03759765625,2552.085693359375,6198.70849609375,6750.61962890625,8791.9638671875,2427.5186360677085,7247.097330729167
FASTKD5,not in kinbase,Q7L8L6,2105.89111328125,1781.6787109375,2081.7568359375,1260.7109375,1030.18115234375,1474.1976318359375,1989.7755533854167,1255.0299072265625
RP2,not kinase,O75695,710.08154296875,552.0407104492188,601.9094848632812,424.1712036132813,414.7524108886719,778.421875,621.3439127604166,539.1151631673177
